INSERT INTO Sala (id, nombre, capacidad)
VALUES (1, 'Sala Principal', 20),
       (2, 'Sala de Spinning', 15),
       (3, 'Sala de Pesas', 12),
       (4, 'Sala Polivalente', 18),
       (5, 'Sala de Cardio', 10),
       (6, 'Sala de Yoga/Pilates', 14),
       (7, 'Sala de Calistenia', 8),
       (8, 'Sala de Rehabilitación', 6);

INSERT INTO "usuario" (nombre, dni, email, telefono, fecha_nacimiento, username, password, estado)
VALUES ('Juan Pérez', '12345678A', 'juan.perez@example.com', '600123456', '1985-05-15 00:00:00.000', 'juanperez',
        '123456',
        'ACTIVA'),
       ('María García', '23456789B', 'maria.garcia@example.com', '611234567', '1990-08-22 00:00:00.000', 'mariag',
        'abcdef',
        'ACTIVA'),
       ('Carlos López', '34567890C', 'carlos.lopez@example.com', '622345678', '1982-11-30 00:00:00.000', 'carlosl',
        'qwerty',
        'ACTIVA'),
       ('Ana Martínez', '45678901D', 'ana.martinez@example.com', '633456789', '1995-02-14 00:00:00.000', 'anam',
        'password',
        'ACTIVA'),
       ('David Sánchez', '56789012E', 'david.sanchez@example.com', '644567890', '1978-07-07 00:00:00.000', 'davids',
        '123abc',
        'BLOQUEADA'),
       ('Laura Fernández', '67890123F', 'laura.fernandez@example.com', '655678901', '1993-04-18 00:00:00.000', 'lauraf',
        'abc123',
        'ACTIVA'),
       ('Javier Rodríguez', '78901234G', 'javier.rodriguez@example.com', '666789012', '1987-09-25 00:00:00.000',
        'javierr',
        'letmein', 'INACTIVA'),
       ('Sofía González', '89012345H', 'sofia.gonzalez@example.com', '677890123', '1998-12-05 00:00:00.000', 'sofiag',
        'welcome',
        'ACTIVA'),
       ('Miguel Díaz', '90123456I', 'miguel.diaz@example.com', '688901234', '1975-03-20 00:00:00.000', 'migueld',
        'admin123',
        'ACTIVA'),
       ('Elena Ruiz', '01234567J', 'elena.ruiz@example.com', '699012345', '1989-06-10 00:00:00.000', 'elenar',
        'test123', 'ACTIVA'),
       ('Pablo Hernández', '11223344K', 'pablo.hernandez@example.com', '610123456', '1991-01-15 00:00:00.000', 'pabloh',
        'hello123',
        'BLOQUEADA'),
       ('Isabel Gómez', '22334455L', 'isabel.gomez@example.com', '621234567', '1984-10-22 00:00:00.000', 'isabelg',
        'pass1234',
        'ACTIVA'),
       ('Alejandro Jiménez', '33445566M', 'alejandro.jimenez@example.com', '632345678', '1997-07-30 00:00:00.000',
        'alejandroj',
        '12345678', 'ACTIVA'),
       ('Lucía Pérez', '44556677N', 'lucia.perez@example.co m', '643456789', '1980-04-14 00:00:00.000', 'luciaperez',
        'sunshine',
        'INACTIVA'),
       ('Daniel García', '55667788O', 'daniel.garcia@example.com', '654567890', '1994-11-07 00:00:00.000', 'danielg',
        'football',
        'ACTIVA'),
       ('Carmen López', '66778899P', 'carmen.lopez@example.com', '665678901', '1977-08-18 00:00:00.000', 'carmenl',
        'iloveyou',
        'ACTIVA'),
       ('Adrián Martínez', '77889900Q', 'adrian.martinez@example.com', '676789012', '1999-05-25 00:00:00.000',
        'adrianm', 'monkey',
        'BLOQUEADA'),
       ('Raquel Sánchez', '88990011R', 'raquel.sanchez@example.com', '687890123', '1983-02-05 00:00:00.000', 'raquels',
        '123123',
        'ACTIVA'),
       ('Jorge Fernández', '99001122S', 'jorge.fernandez@example.com', '698901234', '1996-09-20 00:00:00.000', 'jorgef',
        'dragon',
        'ACTIVA'),
       ('Marta Rodríguez', '00112233T', 'marta.rodriguez@example.com', '609012345', '1979-12-10 00:00:00.000', 'martar',
        'baseball',
        'ACTIVA'),
       ('Roberto González', '10203040U', 'roberto.gonzalez@example.com', '610234567', '1992-03-15 00:00:00.000',
        'robertog',
        'superman', 'INACTIVA'),
       ('Patricia Díaz', '20304050V', 'patricia.diaz@example.com', '621345678', '1986-10-22 00:00:00.000', 'patriciad',
        'qwertyui',
        'ACTIVA'),
       ('Fernando Ruiz', '30405060W', 'fernando.ruiz@example.com', '632456789', '1974-07-30 00:00:00.000', 'fernandor',
        'michael',
        'ACTIVA'),
       ('Silvia Hernández', '40506070X', 'silvia.hernandez@example.com', '643567890', '1998-04-14 00:00:00.000',
        'silviah',
        'jennifer', 'BLOQUEADA'),
       ('Álvaro Gómez', '50607080Y', 'alvaro.gomez@example.com', '654678901', '1981-11-07 00:00:00.000', 'alvarog',
        'hunter',
        'ACTIVA'),
       ('Nuria Jiménez', '60708090Z', 'nuria.jimenez@example.com', '665789012', '1995-08-18 00:00:00.000', 'nuriaj',
        'buster',
        'ACTIVA'),
       ('Óscar Pérez', '70809010A', 'oscar.perez@example.com', '676890123', '1978-05-25 00:00:00.000', 'oscarp',
        'soccer', 'ACTIVA'),
       ('Eva García', '80901020B', 'eva.garcia@example.com', '687901234', '2000-02-05 00:00:00.000', 'evag', 'harley',
        'INACTIVA'),
       ('Rubén López', '91020304C', 'ruben.lopez@example.com', '698012345', '1984-09-20 00:00:00.000', 'rubenl',
        'batman', 'ACTIVA'),
       ('Cristina Martínez', '01020304D', 'cristina.martinez@example.com', '609123456', '1997-06-10 00:00:00.000',
        'cristinam',
        'andrew', 'ACTIVA'),
       ('Héctor Sánchez', '12131415E', 'hector.sanchez@example.com', '610345678', '1976-01-15 00:00:00.000', 'hectors',
        'tigger',
        'BLOQUEADA'),
       ('Rosa Fernández', '23242526F', 'rosa.fernandez@example.com', '621456789', '1989-10-22 00:00:00.000', 'rosaf',
        'shadow',
        'ACTIVA'),
       ('Guillermo Rodríguez', '34353637G', 'guillermo.rodriguez@example.com', '632567890', '1993-07-30 00:00:00.000',
        'guillermor',
        'master', 'ACTIVA'),
       ('Teresa González', '45464748H', 'teresa.gonzalez@example.com', '643678901', '1977-04-14 00:00:00.000',
        'teresag', 'jessica',
        'ACTIVA'),
       ('Sergio Díaz', '56575859I', 'sergio.diaz@example.com', '654789012', '2001-11-07 00:00:00.000', 'sergiod',
        'pepper',
        'INACTIVA'),
       ('Beatriz Ruiz', '67686970J', 'beatriz.ruiz@example.com', '665890123', '1985-08-18 00:00:00.000', 'beatrizr',
        '111111',
        'ACTIVA'),
       ('Francisco Hernández', '78798081K', 'francisco.hernandez@example.com', '676901234', '1990-05-25 00:00:00.000',
        'franciscoh',
        '131313', 'ACTIVA'),
       ('Verónica Gómez', '89909192L', 'veronica.gomez@example.com', '687012345', '1983-02-05 00:00:00.000',
        'veronicag', 'freedom',
        'BLOQUEADA'),
       ('Marcos Jiménez', '90919293M', 'marcos.jimenez@example.com', '698123456', '1996-09-20 00:00:00.000', 'marcosj',
        'whatever',
        'ACTIVA'),
       ('Lidia Pérez', '01010101N', 'lidia.perez@example.com', '609234567', '1979-12-10 00:00:00.000', 'lidiaperez',
        'hello',
        'ACTIVA'),
       ('Andrés García', '12121212O', 'andres.garcia@example.com', '610456789', '1992-03-15 00:00:00.000', 'andresg',
        'charlie',
        'ACTIVA'),
       ('Olga López', '23232323P', 'olga.lopez@example.com', '621567890', '1986-10-22 00:00:00.000', 'olgal', 'thomas',
        'INACTIVA'),
       ('Ricardo Martínez', '34343434Q', 'ricardo.martinez@example.com', '632678901', '1974-07-30 00:00:00.000',
        'ricardom',
        'robert', 'ACTIVA'),
       ('Natalia Sánchez', '45454545R', 'natalia.sanchez@example.com', '643789012', '1998-04-14 00:00:00.000',
        'natalias', 'hockey',
        'ACTIVA'),
       ('Joaquín Fernández', '56565656S', 'joaquin.fernandez@example.com', '654890123', '1981-11-07 00:00:00.000',
        'joaquinf',
        'ranger', 'BLOQUEADA'),
       ('Alicia Rodríguez', '67676767T', 'alicia.rodriguez@example.com', '665901234', '1995-08-18 00:00:00.000',
        'aliciar', 'daniel',
        'ACTIVA'),
       ('Víctor González', '78787878U', 'victor.gonzalez@example.com', '676012345', '1978-05-25 00:00:00.000',
        'victorg', 'starwars',
        'ACTIVA'),
       ('Claudia Díaz', '89898989V', 'claudia.diaz@example.com', '687123456', '2000-02-05 00:00:00.000', 'claudiad',
        'computer',
        'ACTIVA'),
       ('Emilio Ruiz', '90909090W', 'emilio.ruiz@example.com', '698234567', '1984-09-20 00:00:00.000', 'emilior',
        'michelle',
        'INACTIVA'),
       ('Marina Hernández', '01230123X', 'marina.hernandez@example.com', '609345678', '1997-06-10 00:00:00.000',
        'marinah', 'snoopy',
        'ACTIVA'),
       ('Lucía Mendoza Herrera', '28765432A', 'lucia.mendoza@fitclub.com', '611223344', '1982-04-12 00:00:00.000',
        'lmendoza',
        'luciame', 'ACTIVA'),
       ('Roberto Jiménez Pons', '34567891B', 'roberto.jimenez@fitclub.com', '622334455', '1978-11-25 00:00:00.000',
        'rjimenez',
        'roji', 'ACTIVA'),
       ('Sofía Villalba Ríos', '41234567C', 'sofia.villalba@fitclub.com', '633445566', '1985-07-18 00:00:00.000',
        'svillalba',
        'sofive', 'ACTIVA'),
       ('David Torres Marín', '52345678D', 'david.torres@fitclub.com', '644556677', '1990-02-28 00:00:00.000',
        'dtorres',
        'david', 'ACTIVA'),
       ('Elena Castro Domínguez', '63456789E', 'elena.castro@fitclub.com', '655667788', '1987-09-05 00:00:00.000',
        'ecastro',
        'elena', 'ACTIVA');

INSERT INTO Entrenador (id, especialidad, certificaciones)
VALUES (1, 'Fitness y musculación', 'ACE Certified Personal Trainer; NSCA-CPT'),
       (2, 'Yoga y pilates', 'RYT 200; Pilates Method Alliance Certified'),
       (3, 'Entrenamiento funcional', 'NASM Certified Personal Trainer; FMS Level 1'),
       (4, 'CrossFit', 'CrossFit Level 3 Trainer; CF-L3'),
       (5, 'Preparación física para deportes', 'CSCS; USAW Level 1'),
       (6, 'Rehabilitación y ejercicio correctivo', 'NASM CES; FMS Level 2'),
       (7, 'Entrenamiento para mayores', 'ACE Senior Fitness Specialist'),
       (8, 'Nutrición deportiva', 'Precision Nutrition Level 1; ISSN-SNS'),
       (9, 'Entrenamiento de alta intensidad', 'NASM PES; HIIT Specialist'),
       (10, 'Entrenamiento postural', 'Pilates Matwork Instructor; Postural Alignment Specialist'),
       (11, 'Preparación para maratones', 'RRCA Certified Coach; UESCA Running Coach'),
       (12, 'Entrenamiento para embarazadas', 'AFPA Pre/Post Natal Fitness Specialist'),
       (13, 'Calistenia y street workout', 'Calisthenics Academy Certified Trainer'),
       (14, 'Entrenamiento para adolescentes', 'IYCA Youth Fitness Specialist'),
       (15, 'Entrenamiento en suspensión', 'TRX Suspension Trainer; RIP Trainer Certified');


INSERT INTO Cliente (id, objetivo, nivel)
VALUES (16, 'Perder peso', 'Principiante'),
       (17, 'Ganar masa muscular', 'Intermedio'),
       (18, 'Mejorar condición física', 'Avanzado'),
       (19, 'Preparación para maratón', 'Intermedio'),
       (20, 'Recuperación de lesión', 'Principiante'),
       (21, 'Mejorar flexibilidad', 'Principiante'),
       (22, 'Aumentar resistencia', 'Intermedio'),
       (23, 'Preparación física para deporte', 'Avanzado'),
       (24, 'Mantenimiento', 'Intermedio'),
       (25, 'Reducción de estrés', 'Principiante'),
       (26, 'Mejorar postura', 'Principiante'),
       (27, 'Preparación competición', 'Avanzado'),
       (28, 'Embarazo saludable', 'Principiante'),
       (29, 'Rehabilitación', 'Principiante'),
       (30, 'Aumentar fuerza', 'Intermedio'),
       (31, 'Mejorar movilidad', 'Principiante'),
       (32, 'Entrenamiento funcional', 'Intermedio'),
       (33, 'Preparación física militar', 'Avanzado'),
       (34, 'Fitness general', 'Principiante'),
       (35, 'Tonificación', 'Intermedio'),
       (36, 'Deporte específico (tenis)', 'Avanzado'),
       (37, 'Mejorar autoestima', 'Principiante'),
       (38, 'Preparación examen físico', 'Intermedio'),
       (39, 'Envejecimiento activo', 'Principiante'),
       (40, 'Mejorar agilidad', 'Intermedio'),
       (41, 'Reducir porcentaje graso', 'Avanzado'),
       (42, 'Aumentar energía', 'Principiante'),
       (43, 'Mejorar equilibrio', 'Principiante'),
       (44, 'Preparación fisica policial', 'Avanzado'),
       (45, 'Deporte específico (natación)', 'Intermedio'),
       (46, 'Mejorar coordinación', 'Principiante'),
       (47, 'Preparación bodas', 'Intermedio'),
       (48, 'Mejorar salud cardiovascular', 'Principiante'),
       (49, 'Deporte específico (fútbol)', 'Avanzado'),
       (50, 'Mantenimiento tercera edad', 'Principiante');

INSERT INTO Administrador (id, rol)
VALUES (51, 'SUPER_ADMIN'),
       (52, 'SOPORTE'),
       (53, 'SISTEMAS'),
       (54, 'FINANZAS'),
       (55, 'MARKETING');

INSERT INTO Notificacion (id, mensaje, fecha_envio, leido, usuario_id, tipo)
VALUES (1, 'Bienvenido a FitClub! Tu membresía ha sido activada.', '2023-05-10 09:15:00', true, 16, 'IMPORTANTE'),
       (2, 'Recordatorio: Tu primera sesión con el entrenador es mañana a las 18:00.', '2023-05-15 16:30:00', false, 16,
        'SESIONINMINENTE'),
       (3, 'Mensaje de tu entrenador: "No olvides traer tu botella de agua mañana."', '2023-05-15 19:45:00', false, 16,
        'MENSAJE'),
       (4, 'Tu plan de entrenamiento ha sido actualizado. Por favor revisa los cambios.', '2023-04-22 11:20:00', true,
        17, 'IMPORTANTE'),
       (5, 'Sesión de evaluación física programada para el próximo viernes.', '2023-05-12 10:00:00', true, 17,
        'SESIONINMINENTE'),
       (6, 'Pago de membresía recibido. Gracia por tu confianza.', '2023-03-01 08:00:00', true, 18, 'MENSAJE'),
       (7, '¡Felicidades! Has completado tu primer mes de entrenamiento.', '2023-03-15 09:30:00', true, 18,
        'IMPORTANTE'),
       (8, 'Recordatorio: Clase grupal de HIIT hoy a las 19:30.', '2023-04-05 08:45:00', false, 18, 'SESIONINMINENTE'),
       (9, 'Encuesta de satisfacción: Danos tu opinión sobre nuestras instalaciones.', '2023-04-20 12:15:00', false, 18,
        'MENSAJE'),
       (10, 'Alerta: El horario del gimnasio cambiará durante las fiestas locales.', '2023-05-01 14:00:00', true, 19,
        'IMPORTANTE'),
       (11, 'Tu entrenador te ha enviado un nuevo mensaje en la plataforma.', '2023-05-10 17:22:00', false, 19,
        'MENSAJE'),
       (12, 'Sesión de running grupal cancelada por condiciones climáticas.', '2023-05-18 07:15:00', true, 19,
        'SESIONINMINENTE'),
       (13, 'Recordatorio de pago: Tu membresía se renovará automáticamente en 3 días.', '2023-04-27 10:30:00', true,
        20, 'IMPORTANTE'),
       (14, 'Nuevo artículo disponible: "Ejercicios para rehabilitación de rodilla".', '2023-05-15 09:00:00', false, 20,
        'MENSAJE'),
       (15, '¡Tu progreso es notable! Sigue así.', '2023-04-10 18:45:00', true, 21, 'MENSAJE'),
       (16, 'Cambio en el horario: Tu entrenador estará fuera mañana.', '2023-04-28 12:00:00', true, 21, 'IMPORTANTE'),
       (17, 'Sesión de estiramientos programada para hoy a las 17:00.', '2023-05-16 08:30:00', false, 21,
        'SESIONINMINENTE'),
       (18, 'Promoción especial: Invita a un amigo y obtén 2 semanas gratis.', '2023-03-15 10:15:00', true, 22,
        'IMPORTANTE'),
       (19, 'Recordatorio: Revisión de objetivos mañana a las 10:00.', '2023-04-05 09:20:00', true, 22,
        'SESIONINMINENTE'),
       (20, 'Nueva clase disponible: Yoga para runners los jueves.', '2023-04-18 11:00:00', false, 22, 'MENSAJE'),
       (21, '¡Has alcanzado tu récord personal en press banca!', '2023-05-10 19:00:00', true, 22, 'MENSAJE'),
       (23, 'Tu entrenador ha actualizado tu rutina de fuerza. ¡Revísela!', '2023-04-18 14:20:00', true, 23,
        'IMPORTANTE'),
       (24, 'Recordatorio: Evaluación física hoy a las 17:30.', '2023-05-08 09:45:00', false, 23, 'SESIONINMINENTE'),
       (25, 'Promoción exclusiva: 20% descuento en suplementos este mes.', '2023-05-12 11:30:00', false, 23, 'MENSAJE'),
       (26, '¡Nuevo logro! Has asistido a 15 sesiones consecutivas.', '2023-03-28 18:00:00', true, 24, 'IMPORTANTE'),
       (27, 'Clase de spinning cancelada mañana por mantenimiento.', '2023-04-05 16:15:00', true, 24,
        'SESIONINMINENTE'),
       (28, 'Encuesta: ¿Cómo calificarías tu última sesión?', '2023-04-20 10:00:00', false, 24, 'MENSAJE'),
       (29, 'Oferta: Renueva tu membresía ahora y obtén 1 mes extra.', '2023-05-15 12:45:00', false, 24, 'MENSAJE'),
       (30, 'Alerta: Maquinaria en mantenimiento, usa zona alternativa.', '2023-05-02 08:00:00', true, 25,
        'IMPORTANTE'),
       (31, 'Sesión de meditación pospuesta para el próximo miércoles.', '2023-05-10 15:30:00', true, 25,
        'SESIONINMINENTE'),
       (32, 'Consejo: Descansa 48h entre sesiones intensas.', '2023-05-16 19:00:00', false, 25, 'MENSAJE'),
       (33, 'Documentación requerida: Lleva tu ECG a la próxima sesión.', '2023-04-15 11:20:00', true, 26,
        'IMPORTANTE'),
       (34, '¡Hoy clase especial de core a las 20:00!', '2023-05-05 08:30:00', false, 26, 'SESIONINMINENTE'),
       (35, 'Tu progreso en flexibilidad ha mejorado un 25%.', '2023-05-14 17:45:00', true, 26, 'MENSAJE'),
       (36, 'Protocolo COVID actualizado: Revise las nuevas normas.', '2023-03-10 09:00:00', true, 27, 'IMPORTANTE'),
       (37, 'Sesión con nutricionista reprogramada para el viernes.', '2023-04-28 13:15:00', true, 27,
        'SESIONINMINENTE'),
       (38, 'Video nuevo: Técnicas para tu deporte.', '2023-05-08 10:45:00', false, 27, 'MENSAJE'),
       (39, '¡Prepárate! Torneo interno el próximo mes.', '2023-05-18 18:30:00', false, 27, 'IMPORTANTE'),
       (40, 'Clase prenatal movida al área climatizada.', '2023-04-05 14:00:00', true, 28, 'IMPORTANTE'),
       (41, 'Recordatorio: Hidroterapia hoy a las 11:00.', '2023-05-03 09:00:00', false, 28, 'SESIONINMINENTE'),
       (42, 'Artículo recomendado: "Ejercicios seguros en embarazo".', '2023-05-16 12:00:00', false, 28, 'MENSAJE'),
       (43, 'Autorización médica requerida para continuar.', '2023-04-10 08:45:00', true, 29, 'IMPORTANTE'),
       (44, 'Sesión de rehabilitación modificada a 30 minutos.', '2023-05-08 16:20:00', true, 29, 'SESIONINMINENTE'),
       (45, 'Mensaje del fisio: "Aplica hielo después de los ejercicios".', '2023-05-15 19:10:00', false, 29,
        'MENSAJE'),
       (46, '¡Nuevo récord! 10% más de peso en sentadillas.', '2023-03-25 19:30:00', true, 30, 'IMPORTANTE'),
       (47, 'Taller de técnica de levantamiento mañana.', '2023-04-15 17:00:00', true, 30, 'SESIONINMINENTE'),
       (48, 'Tu plan de fuerza ha sido ajustado.', '2023-05-05 10:15:00', false, 30, 'MENSAJE'),
       (49, 'Oferta: Guantes de levantamiento -15% hoy.', '2023-05-17 12:30:00', false, 30, 'MENSAJE'),
       (50, 'Nueva clase: Movilidad para adultos mayores.', '2023-04-01 09:00:00', true, 31, 'IMPORTANTE'),
       (51, 'Recordatorio: Sesión de evaluación hoy a las 10:30.', '2023-05-10 08:45:00', false, 31, 'SESIONINMINENTE'),
       (52, 'Consejo: Estira después de cada sesión.', '2023-05-16 14:00:00', false, 31, 'MENSAJE'),
       (53, 'Cambio importante en los horarios de apertura.', '2023-05-01 07:30:00', true, 32, 'IMPORTANTE'),
       (54, 'Clase funcional suspendida por lluvia.', '2023-05-12 08:00:00', true, 32, 'SESIONINMINENTE'),
       (55, 'Video tutorial: Ejercicios con bandas elásticas.', '2023-05-18 11:45:00', false, 32, 'MENSAJE'),
       (56, 'Documentación militar verificada. Acceso completo.', '2023-03-15 12:00:00', true, 33, 'IMPORTANTE'),
       (57, 'Entrenamiento táctico reprogramado para el jueves.', '2023-04-20 14:30:00', true, 33, 'SESIONINMINENTE'),
       (58, 'Resultados: Tu resistencia ha mejorado un 18%.', '2023-05-10 18:00:00', true, 33, 'MENSAJE'),
       (59, '¡Nuevo circuito de obstáculos instalado!', '2023-05-17 09:15:00', false, 33, 'IMPORTANTE'),
       (60, 'Guía de inicio rápido para nuevos miembros.', '2023-05-05 10:00:00', true, 34, 'IMPORTANTE'),
       (61, 'Sesión de orientación hoy a las 19:00.', '2023-05-12 08:30:00', false, 34, 'SESIONINMINENTE'),
       (62, 'Mensaje: "Pregúntame por rutinas básicas" - Entrenador.', '2023-05-18 17:20:00', false, 34, 'MENSAJE'),
       (63, '¡Primer mes completado! Continúa así.', '2023-04-28 19:45:00', true, 35, 'IMPORTANTE'),
       (64, 'Taller de nutrición deportiva mañana.', '2023-05-14 10:00:00', false, 35, 'SESIONINMINENTE'),
       (65, 'Recomendación: Prueba nuestra app móvil.', '2023-05-18 13:15:00', false, 35, 'MENSAJE'),
-- Entrenadores
       (66, 'Recordatorio: Reunión de staff mañana a las 9:00 AM', '2023-05-14 17:30:00', false, 1, 'IMPORTANTE'),
       (67, 'Nuevo cliente asignado: Juan Pérez (Objetivo: Pérdida de peso)', '2023-05-18 10:15:00', false, 1,
        'MENSAJE'),
       (68, 'Actualización requerida: Sube tus planes de entrenamiento al sistema', '2023-05-16 14:00:00', true, 2,
        'IMPORTANTE'),
       (69, '¡Clase grupal llena mañana! Prepárate para 15 participantes', '2023-05-17 18:45:00', false, 3,
        'SESIONINMINENTE'),
       (70, 'Evaluación trimestral programada para el próximo lunes', '2023-05-15 09:00:00', true, 3, 'IMPORTANTE'),
       (71, 'Certificación CrossFit actualizada en tu perfil', '2023-04-28 11:20:00', true, 4, 'MENSAJE'),
       (72, 'Alerta: Cliente con lesión previa en tu próxima sesión', '2023-05-18 08:30:00', false, 5, 'IMPORTANTE'),
       (73, 'Recordatorio: Taller de nutrición deportiva esta tarde', '2023-05-10 12:00:00', true, 5,
        'SESIONINMINENTE'),
       (74, 'Nuevo protocolo de rehabilitación disponible en la plataforma', '2023-05-05 16:45:00', false, 6,
        'IMPORTANTE'),
       (75, 'Cliente mayor necesita adaptación de rutina (ver historial)', '2023-05-12 10:30:00', true, 7, 'MENSAJE'),
       (76, 'Encuesta de satisfacción de clientes pendiente', '2023-05-17 15:00:00', false, 7, 'IMPORTANTE'),
       (77, 'Actualización en políticas de suplementos recomendados', '2023-04-20 13:15:00', true, 8, 'IMPORTANTE'),
       (78, 'Sesión de team building con otros entrenadores mañana', '2023-05-15 19:00:00', false, 9,
        'SESIONINMINENTE'),
       (79, '¡Felicitaciones! 5 clientes alcanzaron sus metas este mes', '2023-05-01 09:30:00', true, 9, 'MENSAJE'),
       (80, 'Nuevo equipo postural disponible en sala 3', '2023-05-08 14:45:00', false, 10, 'IMPORTANTE'),
       (81, 'Recordatorio: Certificación CPR vence el próximo mes', '2023-05-10 11:00:00', true, 11, 'IMPORTANTE'),
       (82, 'Cliente interesado en preparación para maratón', '2023-05-18 09:20:00', false, 11, 'MENSAJE'),
       (83, 'Cambio en horario: Clases prenatales ahora los miércoles', '2023-04-25 17:30:00', true, 12, 'IMPORTANTE'),
       (84, 'Taller de calistenia cancelado por mal tiempo', '2023-05-16 07:45:00', true, 13, 'SESIONINMINENTE'),
       (85, 'Nuevos desafíos mensuales para implementar con clientes', '2023-05-05 12:30:00', false, 13, 'IMPORTANTE'),
       (86, 'Revisión médica requerida para continuar con cliente adolescente', '2023-05-15 16:00:00', false, 14,
        'IMPORTANTE'),
       (87, 'Sistema de evaluación de clientes actualizado - Ver tutorial', '2023-05-10 10:15:00', true, 15,
        'IMPORTANTE'),
--Administradores
       (88, 'ALERTA: Intento de acceso no autorizado detectado', '2023-05-18 03:15:00', false, 51, 'IMPORTANTE'),
       (89, 'Recordatorio: Auditoría del sistema el próximo lunes', '2023-05-15 09:00:00', true, 51, 'SESIONINMINENTE'),
       (90, 'Nuevo ticket de soporte #4521: Problema con login cliente', '2023-05-18 10:30:00', false, 52, 'MENSAJE'),
       (91, '3 clientes nuevos requieren verificación de documentos', '2023-05-17 16:45:00', false, 52, 'IMPORTANTE'),
       (92, 'Mantenimiento programado: Servidores esta noche 00:00-02:00', '2023-05-18 14:00:00', false, 53,
        'IMPORTANTE'),
       (93, 'ALERTA: Pago rechazado - Membresía ID 7821', '2023-05-18 08:15:00', false, 54, 'IMPORTANTE'),
       (94, 'Reporte mensual de ingresos listo para revisión', '2023-05-05 17:30:00', true, 54, 'MENSAJE'),

       (95, 'Campaña de vergano: 15% aumento en registros esta semana', '2023-05-16 11:20:00', true, 55, 'IMPORTANTE');

INSERT INTO Notificacion (id, mensaje, fecha_envio, leido, usuario_id, tipo)
-- Completando usuarios faltantes (continuando desde ID 96)
VALUES 
-- Usuario 36
(96, 'Tu membresía ha sido renovada exitosamente por 6 meses más.', '2023-05-10 14:30:00', true, 36, 'IMPORTANTE'),
(97, 'Clase de spinning programada para mañana a las 18:00.', '2023-05-17 16:45:00', false, 36, 'SESIONINMINENTE'),
(98, 'Consejo del entrenador: Mantén una hidratación constante durante el ejercicio.', '2023-05-15 11:20:00', true, 36, 'MENSAJE'),

-- Usuario 37
(99, '¡Nuevo logro desbloqueado: 50 sesiones completadas!', '2023-04-28 19:15:00', true, 37, 'IMPORTANTE'),
(100, 'Recordatorio: Evaluación de progreso hoy a las 17:30.', '2023-05-11 09:00:00', false, 37, 'SESIONINMINENTE'),
(101, 'Artículo recomendado: "Alimentación pre y post entrenamiento".', '2023-05-13 13:45:00', true, 37, 'MENSAJE'),

-- Usuario 38
(102, 'Cambio en tu horario de entrenamiento semanal.', '2023-05-08 10:30:00', true, 38, 'IMPORTANTE'),
(103, 'Taller de técnica de respiración hoy a las 19:00.', '2023-05-14 08:15:00', false, 38, 'SESIONINMINENTE'),
(104, '¡Felicidades! Has bajado un 5% de grasa corporal este mes.', '2023-05-10 18:30:00', true, 38, 'MENSAJE'),

-- Usuario 39
(105, 'Documentación médica aprobada. Puedes usar todas las instalaciones.', '2023-04-20 12:00:00', true, 39, 'IMPORTANTE'),
(106, 'Sesión de yoga terapéutico reprogramada para el jueves.', '2023-05-16 14:20:00', true, 39, 'SESIONINMINENTE'),
(107, 'Mensaje de tu entrenador: "Tu postura ha mejorado notablemente."', '2023-05-12 17:45:00', false, 39, 'MENSAJE'),

-- Usuario 40
(108, 'Promoción especial: 20% de descuento en entrenamientos personales.', '2023-05-05 11:00:00', true, 40, 'IMPORTANTE'),
(109, 'Clase de TRX cancelada por mantenimiento de equipos.', '2023-05-13 15:30:00', true, 40, 'SESIONINMINENTE'),
(110, 'Nuevo video disponible: "Ejercicios para espalda sana".', '2023-05-17 10:15:00', false, 40, 'MENSAJE'),

-- Usuario 41
(111, '¡Bienvenido de nuevo! Tu membresía ha sido reactivada.', '2023-05-02 09:30:00', true, 41, 'IMPORTANTE'),
(112, 'Sesión de evaluación inicial mañana a las 10:00.', '2023-05-03 16:45:00', true, 41, 'SESIONINMINENTE'),
(113, 'Consejo: Comienza con rutinas básicas para readaptarte.', '2023-05-04 14:20:00', false, 41, 'MENSAJE'),

-- Usuario 42
(114, 'Alerta: Zona de peso libre cerrada temporalmente por mantenimiento.', '2023-05-09 08:00:00', true, 42, 'IMPORTANTE'),
(115, 'Clase de boxeo fitness hoy a las 20:00.', '2023-05-15 18:30:00', false, 42, 'SESIONINMINENTE'),
(116, '¡Récord personal! Has aumentado tu resistencia en 15%.', '2023-05-08 19:45:00', true, 42, 'MENSAJE'),

-- Usuario 43
(117, 'Renovación automática de membresía programada para 5 días.', '2023-05-14 10:00:00', true, 43, 'IMPORTANTE'),
(118, 'Sesión con fisioterapeuta mañana a las 11:30.', '2023-05-12 09:15:00', false, 43, 'SESIONINMINENTE'),
(119, 'Artículo: "Recuperación activa vs. descanso total".', '2023-05-16 13:00:00', false, 43, 'MENSAJE'),

-- Usuario 44
(120, 'Nueva máquina de cardio instalada en la zona principal.', '2023-05-06 15:45:00', true, 44, 'IMPORTANTE'),
(121, 'Taller de nutrición deportiva cancelado por indisponibilidad del instructor.', '2023-05-10 17:20:00', true, 44, 'SESIONINMINENTE'),
(122, 'Mensaje: "Tu disciplina es ejemplar, sigue así" - Entrenador principal.', '2023-05-13 12:30:00', true, 44, 'MENSAJE'),

-- Usuario 45
(123, 'Cambio de políticas: Nuevo límite de tiempo en máquinas cardiovasculares.', '2023-04-25 09:00:00', true, 45, 'IMPORTANTE'),
(124, 'Clase de pilates avanzado hoy a las 18:30.', '2023-05-16 08:45:00', false, 45, 'SESIONINMINENTE'),
(125, '¡Increíble! Has logrado tu objetivo de flexibilidad 2 semanas antes.', '2023-05-14 17:15:00', true, 45, 'MENSAJE'),

-- Usuario 46
(126, 'Verificación de identidad completada exitosamente.', '2023-04-15 14:00:00', true, 46, 'IMPORTANTE'),
(127, 'Sesión de entrenamiento funcional mañana a las 19:15.', '2023-05-11 10:30:00', false, 46, 'SESIONINMINENTE'),
(128, 'Consejo del día: Varía tu rutina cada 4-6 semanas para mejores resultados.', '2023-05-17 16:00:00', false, 46, 'MENSAJE'),

-- Usuario 47
(129, 'Pago mensual procesado exitosamente. Gracias por tu continuidad.', '2023-05-01 08:30:00', true, 47, 'IMPORTANTE'),
(130, 'Clase de baile fitness reprogramada para el viernes.', '2023-05-09 12:15:00', true, 47, 'SESIONINMINENTE'),
(131, 'Nuevo reto mensual: "30 días de cardio" - ¡Únete!', '2023-05-15 11:45:00', false, 47, 'MENSAJE'),

-- Usuario 48
(132, 'Actualización importante: Nuevos protocolos de seguridad implementados.', '2023-03-20 10:00:00', true, 48, 'IMPORTANTE'),
(133, 'Sesión de evaluación postural hoy a las 16:00.', '2023-05-10 09:30:00', false, 48, 'SESIONINMINENTE'),
(134, 'Tu progreso en levantamiento olímpico es notable. ¡Sigue avanzando!', '2023-05-08 20:15:00', true, 48, 'MENSAJE'),

-- Usuario 49
(135, '¡Feliz aniversario! Un año como miembro de FitClub.', '2023-04-10 09:00:00', true, 49, 'IMPORTANTE'),
(136, 'Clase especial de anniversary para miembros veteranos hoy.', '2023-04-10 18:00:00', true, 49, 'SESIONINMINENTE'),
(137, 'Regalo especial: 1 mes gratis por tu lealtad.', '2023-04-10 12:30:00', true, 49, 'MENSAJE'),

-- Usuario 50
(138, 'Bienvenido a FitClub Premium. Acceso ilimitado activado.', '2023-05-15 10:45:00', true, 50, 'IMPORTANTE'),
(139, 'Sesión de orientación premium mañana a las 17:00.', '2023-05-16 14:20:00', false, 50, 'SESIONINMINENTE'),
(140, 'Beneficio exclusivo: Acceso a sauna y jacuzzi incluido.', '2023-05-15 16:00:00', true, 50, 'MENSAJE');

INSERT INTO Sesion (id, estado, entrenador_id, sala_id, fecha, hora_inicio, hora_fin)
VALUES (1, 'SIN_EMPEZAR', 1, 1, '2023-06-05 00:00:00.000', '09:00:00', '10:00:00'),
       (2, 'SIN_EMPEZAR', 3, 2, '2023-06-05 00:00:00.000', '11:00:00', '12:30:00'),
       (3, 'SIN_EMPEZAR', 5, 3, '2023-06-05 00:00:00.000', '18:00:00', '19:00:00'),
       (4, 'EN_PROGRESO', 2, 1, '2023-05-19 00:00:00.000', '16:00:00', '17:00:00'),
       (5, 'EN_PROGRESO', 4, 2, '2023-05-19 00:00:00.000', '17:30:00', '18:30:00'),
       (6, 'TERMINADA', 1, 1, '2023-05-18 00:00:00.000', '09:00:00', '10:00:00'),
       (7, 'TERMINADA', 2, 3, '2023-05-18 00:00:00.000', '11:00:00', '12:00:00'),
       (8, 'TERMINADA', 3, 2, '2023-05-17 00:00:00.000', '17:00:00', '18:30:00'),
       (9, 'TERMINADA', 4, 4, '2023-05-15 00:00:00.000', '10:00:00', '11:30:00'),
       (10, 'TERMINADA', 5, 4, '2023-05-16 00:00:00.000', '19:00:00', '20:30:00'),
       (11, 'TERMINADA', 6, 1, '2023-05-10 00:00:00.000', '08:00:00', '09:00:00'),
       (12, 'TERMINADA', 7, 2, '2023-05-11 00:00:00.000', '12:00:00', '13:00:00'),
       (13, 'TERMINADA', 8, 3, '2023-05-12 00:00:00.000', '16:00:00', '17:00:00'),
       (14, 'TERMINADA', 9, 1, '2023-05-13 00:00:00.000', '10:30:00', '11:30:00'),
       (15, 'TERMINADA', 10, 2, '2023-05-14 00:00:00.000', '18:00:00', '19:30:00'),
       (16, 'SIN_EMPEZAR', 1, 1, '2023-06-12 00:00:00.000', '09:00:00', '10:00:00'),
       (17, 'SIN_EMPEZAR', 1, 1, '2023-06-19 00:00:00.000', '09:00:00', '10:00:00'),
       (18, 'SIN_EMPEZAR', 2, 3, '2023-06-07 00:00:00.000', '17:00:00', '18:00:00'),
       (19, 'TERMINADA', 11, 5, '2023-05-08 00:00:00.000', '07:30:00', '08:30:00'),
       (20, 'TERMINADA', 12, 6, '2023-05-09 00:00:00.000', '10:00:00', '11:00:00'),
       (21, 'TERMINADA', 13, 7, '2023-05-05 00:00:00.000', '18:00:00', '19:00:00'),
       (22, 'SIN_EMPEZAR', 14, 8, '2023-06-02 00:00:00.000', '16:00:00', '17:00:00'),
       (23, 'EN_PROGRESO', 15, 1, '2023-05-19 00:00:00.000', '19:00:00', '20:00:00'),
       (24, 'TERMINADA', 3, 2, '2023-05-01 00:00:00.000', '11:00:00', '12:30:00'),
       (25, 'TERMINADA', 5, 3, '2023-05-02 00:00:00.000', '18:00:00', '19:00:00'),
       (26, 'SIN_EMPEZAR', 7, 4, '2023-06-09 00:00:00.000', '10:00:00', '11:30:00'),
       (27, 'SIN_EMPEZAR', 9, 1, '2023-06-10 00:00:00.000', '09:00:00', '10:00:00'),
       (28, 'SIN_EMPEZAR', 11, 5, '2023-06-14 00:00:00.000', '07:30:00', '08:30:00'),
       (29, 'SIN_EMPEZAR', 13, 7, '2023-06-16 00:00:00.000', '18:00:00', '19:00:00'),
       (30, 'SIN_EMPEZAR', 15, 8, '2023-06-23 00:00:00.000', '16:00:00', '17:00:00');

INSERT INTO cliente_sesion (sesion_id, cliente_id)
VALUES (1, 16),
       (1, 17),
       (1, 18),
       (2, 19),
       (2, 20),
       (3, 21),
       (3, 22),
       (3, 23),
       (3, 24),
       (4, 25),
       (5, 26),
       (5, 27),
       (5, 28),
       (6, 29),
       (6, 30),
       (7, 31),
       (8, 32),
       (8, 33),
       (8, 34),
       (9, 35),
       (9, 16),
       (9, 17),
       (9, 18),
       (9, 19),
       (10, 20),
       (10, 21),
       (10, 22),
       (11, 23),
       (12, 24),
       (12, 25),
       (13, 26),
       (14, 27),
       (14, 28),
       (15, 29),
       (15, 30),
       (15, 31),
       (16, 32),
       (16, 33),
       (17, 34),
       (17, 35),
       (18, 16),
       (18, 17),
       (19, 18),
       (19, 19),
       (20, 20),
       (20, 21),
       (21, 22),
       (21, 23),
       (21, 24),
       (22, 25),
       (22, 26),
       (23, 27),
       (24, 28),
       (24, 29),
       (25, 30),
       (25, 31),
       (26, 32),
       (26, 33),
       (26, 34),
       (27, 35),
       (27, 16),
       (28, 17),
       (28, 18),
       (29, 19),
       (29, 20),
       (30, 21),
       (30, 22);

INSERT INTO Membresia (id, fecha_inicio, fecha_fin, estado, nombre, duracion_dias, precio,
                       cliente_id)
VALUES (1, '2023-05-01 00:00:00.000', '2023-06-30 00:00:00.000', 'ACTIVADA', 'Básica Mensual', 30, 50.00, 16),
       (2, '2023-04-15 00:00:00.000', '2023-07-14 00:00:00.000', 'ACTIVADA', 'Básica Trimestral', 90, 135.00, 17),
       (3, '2023-05-10 00:00:00.000', '2023-06-09 00:00:00.000', 'ACTIVADA', 'Básica Mensual', 30, 50.00, 18),
       (4, '2023-03-20 00:00:00.000', '2023-06-18 00:00:00.000', 'ACTIVADA', 'Básica Trimestral', 90, 135.00, 19),
       (5, '2023-04-01 00:00:00.000', '2023-04-30 00:00:00.000', 'EXPIRADA', 'Básica Mensual', 30, 50.00, 20),
       (6, '2023-05-05 00:00:00.000', '2023-08-03 00:00:00.000', 'ACTIVADA', 'Básica Trimestral', 90, 135.00, 21),
       (7, '2023-04-10 00:00:00.000', '2023-05-09 00:00:00.000', 'EXPIRADA', 'Básica Mensual', 30, 50.00, 22),
       (8, '2023-01-15 00:00:00.000', '2023-04-15 00:00:00.000', 'CANCELADA', 'Básica Trimestral', 90, 135.00, 23),
       (9, '2023-05-12 00:00:00.000', '2023-06-11 00:00:00.000', 'ACTIVADA', 'Básica Mensual', 30, 50.00, 24),
       (10, '2023-03-01 00:00:00.000', '2023-05-30 00:00:00.000', 'EXPIRADA', 'Básica Trimestral', 90, 135.00, 25),
       (11, '2023-05-15 00:00:00.000', '2023-06-14 00:00:00.000', 'ACTIVADA', 'Básica Mensual', 30, 50.00, 26),
       (12, '2023-02-10 00:00:00.000', '2023-05-11 00:00:00.000', 'CANCELADA', 'Básica Trimestral', 90, 135.00, 27),
       (13, '2023-05-18 00:00:00.000', '2023-06-17 00:00:00.000', 'ACTIVADA', 'Básica Mensual', 30, 50.00, 28),
       (14, '2023-04-05 00:00:00.000', '2023-07-04 00:00:00.000', 'ACTIVADA', 'Básica Trimestral', 90, 135.00, 29),
       (15, '2023-03-15 00:00:00.000', '2023-04-14 00:00:00.000', 'EXPIRADA', 'Básica Mensual', 30, 50.00, 30),
       (16, '2023-01-01 00:00:00.000', '2023-07-01 00:00:00.000', 'ACTIVADA', 'Premium Semestral', 180, 300.00, 31),
       (17, '2023-04-10 00:00:00.000', '2023-10-07 00:00:00.000', 'ACTIVADA', 'Premium Semestral', 180, 300.00, 32),
       (18, '2023-03-01 00:00:00.000', '2023-08-28 00:00:00.000', 'ACTIVADA', 'Premium Semestral', 180, 300.00, 33),
       (19, '2022-12-15 00:00:00.000', '2023-06-13 00:00:00.000', 'EXPIRADA', 'Premium Semestral', 180, 300.00, 34),
       (20, '2023-02-01 00:00:00.000', '2023-08-02 00:00:00.000', 'ACTIVADA', 'Premium Semestral', 180, 300.00, 35),
       (21, '2023-05-01 00:00:00.000', '2023-11-27 00:00:00.000', 'ACTIVADA', 'Premium Semestral', 180, 300.00, 36),
       (22, '2023-03-15 00:00:00.000', '2023-09-11 00:00:00.000', 'ACTIVADA', 'Premium Semestral', 180, 300.00, 37),
       (23, '2023-04-01 00:00:00.000', '2023-09-28 00:00:00.000', 'ACTIVADA', 'Premium Semestral', 180, 300.00, 38),
       (24, '2023-01-10 00:00:00.000', '2023-07-09 00:00:00.000', 'EXPIRADA', 'Premium Semestral', 180, 300.00, 39),
       (25, '2023-05-10 00:00:00.000', '2023-11-06 00:00:00.000', 'ACTIVADA', 'Premium Semestral', 180, 300.00, 40),
       (26, '2023-01-01 00:00:00.000', '2024-01-01 00:00:00.000', 'ACTIVADA', 'VIP Anual', 365, 600.00, 41),
       (27, '2022-11-15 00:00:00.000', '2023-11-15 00:00:00.000', 'ACTIVADA', 'VIP Anual', 365, 600.00, 42),
       (28, '2023-02-01 00:00:00.000', '2024-02-01 00:00:00.000', 'ACTIVADA', 'VIP Anual', 365, 600.00, 43),
       (29, '2022-12-01 00:00:00.000', '2023-12-01 00:00:00.000', 'ACTIVADA', 'VIP Anual', 365, 600.00, 44),
       (30, '2023-03-01 00:00:00.000', '2024-03-01 00:00:00.000', 'ACTIVADA', 'VIP Anual', 365, 600.00, 45),
       (31, '2022-10-10 00:00:00.000', '2023-10-10 00:00:00.000', 'ACTIVADA', 'VIP Anual', 365, 600.00, 46),
       (32, '2023-04-01 00:00:00.000', '2024-04-01 00:00:00.000', 'ACTIVADA', 'VIP Anual', 365, 600.00, 47),
       (33, '2022-09-01 00:00:00.000', '2023-09-01 00:00:00.000', 'ACTIVADA', 'VIP Anual', 365, 600.00, 48),
       (34, '2023-01-15 00:00:00.000', '2024-01-15 00:00:00.000', 'ACTIVADA', 'VIP Anual', 365, 600.00, 49),
       (35, '2022-12-20 00:00:00.000', '2023-12-20 00:00:00.000', 'ACTIVADA', 'VIP Anual', 365, 600.00, 50);

INSERT INTO pagos_membresia (id, monto, fecha_pago, metodo_pago, membresia_id)
VALUES ('PAG-001', 50.00, '2023-05-01 00:00:00.000', 'TARJETA', 1),
       ('PAG-002', 135.00, '2023-04-15 00:00:00.000', 'EFECTIVO', 2),
       ('PAG-003', 50.00, '2023-05-10 00:00:00.000', 'TARJETA', 3),
       ('PAG-004', 135.00, '2023-03-20 00:00:00.000', 'TARJETA', 4),
       ('PAG-005', 50.00, '2023-04-01 00:00:00.000', 'EFECTIVO', 5),
       ('PAG-006', 135.00, '2023-05-05 00:00:00.000', 'TARJETA', 6),
       ('PAG-007', 50.00, '2023-04-10 00:00:00.000', 'EFECTIVO', 7),
       ('PAG-008', 135.00, '2023-01-15 00:00:00.000', 'TARJETA', 8),
       ('PAG-009', 50.00, '2023-05-12 00:00:00.000', 'EFECTIVO', 9),
       ('PAG-010', 135.00, '2023-03-01 00:00:00.000', 'TARJETA', 10),
       ('PAG-011', 50.00, '2023-05-15 00:00:00.000', 'EFECTIVO', 11),
       ('PAG-012', 135.00, '2023-02-10 00:00:00.000', 'TARJETA', 12),
       ('PAG-013', 50.00, '2023-05-18 00:00:00.000', 'EFECTIVO', 13),
       ('PAG-014', 135.00, '2023-04-05 00:00:00.000', 'TARJETA', 14),
       ('PAG-015', 50.00, '2023-03-15 00:00:00.000', 'EFECTIVO', 15),
       ('PAG-016', 300.00, '2023-01-01 00:00:00.000', 'TARJETA', 16),
       ('PAG-017', 300.00, '2023-04-10 00:00:00.000', 'TARJETA', 17),
       ('PAG-018', 300.00, '2023-03-01 00:00:00.000', 'EFECTIVO', 18),
       ('PAG-019', 300.00, '2022-12-15 00:00:00.000', 'TARJETA', 19),
       ('PAG-020', 300.00, '2023-02-01 00:00:00.000', 'EFECTIVO', 20),
       ('PAG-021', 300.00, '2023-05-01 00:00:00.000', 'TARJETA', 21),
       ('PAG-022', 300.00, '2023-03-15 00:00:00.000', 'EFECTIVO', 22),
       ('PAG-023', 300.00, '2023-04-01 00:00:00.000', 'TARJETA', 23),
       ('PAG-024', 300.00, '2023-01-10 00:00:00.000', 'EFECTIVO', 24),
       ('PAG-025', 300.00, '2023-05-10 00:00:00.000', 'TARJETA', 25),
       ('PAG-026', 600.00, '2023-01-01 00:00:00.000', 'TARJETA', 26),
       ('PAG-027', 600.00, '2022-11-15 00:00:00.000', 'EFECTIVO', 27),
       ('PAG-028', 600.00, '2023-02-01 00:00:00.000', 'TARJETA', 28),
       ('PAG-029', 600.00, '2022-12-01 00:00:00.000', 'EFECTIVO', 29),
       ('PAG-030', 600.00, '2023-03-01 00:00:00.000', 'TARJETA', 30),
       ('PAG-031', 600.00, '2022-10-10 00:00:00.000', 'EFECTIVO', 31),
       ('PAG-032', 600.00, '2023-04-01 00:00:00.000', 'TARJETA', 32),
       ('PAG-033', 600.00, '2022-09-01 00:00:00.000', 'EFECTIVO', 33),
       ('PAG-034', 600.00, '2023-01-15 00:00:00.000', 'TARJETA', 34),
       ('PAG-035', 600.00, '2022-12-20 00:00:00.000', 'EFECTIVO', 35);

UPDATE Cliente
SET membresia_id = CASE id
                       WHEN 16 THEN 1
                       WHEN 17 THEN 2
                       WHEN 18 THEN 3
                       WHEN 19 THEN 4
                       WHEN 20 THEN 5
                       WHEN 21 THEN 6
                       WHEN 22 THEN 7
                       WHEN 23 THEN 8
                       WHEN 24 THEN 9
                       WHEN 25 THEN 10
                       WHEN 26 THEN 11
                       WHEN 27 THEN 12
                       WHEN 28 THEN 13
                       WHEN 29 THEN 14
                       WHEN 30 THEN 15
                       WHEN 31 THEN 16
                       WHEN 32 THEN 17
                       WHEN 33 THEN 18
                       WHEN 34 THEN 19
                       WHEN 35 THEN 20
                       WHEN 35 THEN 20
                       WHEN 35 THEN 20
                       WHEN 31 THEN 16
                       WHEN 32 THEN 17
                       WHEN 33 THEN 18
                       WHEN 34 THEN 19
                       WHEN 35 THEN 20
                       WHEN 36 THEN 21
                       WHEN 37 THEN 22
                       WHEN 38 THEN 23
                       WHEN 39 THEN 24
                       WHEN 40 THEN 25
                       WHEN 41 THEN 26
                       WHEN 42 THEN 27
                       WHEN 43 THEN 28
                       WHEN 44 THEN 29
                       WHEN 45 THEN 30
                       WHEN 46 THEN 31
                       WHEN 47 THEN 32
                       WHEN 48 THEN 33
                       WHEN 49 THEN 34
                       WHEN 50 THEN 35
                       ELSE NULL
    END;

INSERT INTO plan_entrenamiento (id, fecha_inicio, duracion_semanas, cliente_id, entrenador_id)
VALUES (1, '2023-05-01 00:00:00.000', 12, 16, 1),
       (2, '2023-05-04 00:00:00.000', 8, 17, 2),
       (3, '2023-05-05 00:00:00.000', 16, 18, 3),
       (4, '2023-05-08 00:00:00.000', 12, 19, 4),
       (5, '2023-05-10 00:00:00.000', 6, 20, 5),
       (6, '2023-05-12 00:00:00.000', 10, 21, 6),
       (7, '2023-05-15 00:00:00.000', 8, 22, 7),
       (8, '2023-05-17 00:00:00.000', 12, 23, 8),
       (9, '2023-05-20 00:00:00.000', 4, 24, 9),
       (10, '2023-05-22 00:00:00.000', 8, 25, 10),
       (11, '2023-05-25 00:00:00.000', 12, 26, 11),
       (12, '2023-05-28 00:00:00.000', 6, 27, 12),
       (13, '2023-06-01 00:00:00.000', 8, 28, 13),
       (14, '2023-06-03 00:00:00.000', 10, 29, 14),
       (15, '2023-06-05 00:00:00.000', 12, 30, 15),
       (16, '2023-06-08 00:00:00.000', 8, 31, 1),
       (17, '2023-06-10 00:00:00.000', 6, 32, 2),
       (18, '2023-06-12 00:00:00.000', 12, 33, 3),
       (19, '2023-06-15 00:00:00.000', 8, 34, 4),
       (20, '2023-06-18 00:00:00.000', 4, 35, 5),
       (21, '2023-06-20 00:00:00.000', 10, 36, 6),
       (22, '2023-06-22 00:00:00.000', 8, 37, 7),
       (23, '2023-06-25 00:00:00.000', 12, 38, 8),
       (24, '2023-06-28 00:00:00.000', 6, 39, 9),
       (25, '2023-07-01 00:00:00.000', 8, 40, 10),
       (26, '2023-07-03 00:00:00.000', 10, 41, 11),
       (27, '2023-07-05 00:00:00.000', 12, 42, 12),
       (28, '2023-07-08 00:00:00.000', 8, 43, 13),
       (29, '2023-07-10 00:00:00.000', 6, 44, 14),
       (30, '2023-07-12 00:00:00.000', 12, 45, 15),
       (31, '2023-07-15 00:00:00.000', 8, 46, 1),
       (32, '2023-07-18 00:00:00.000', 4, 47, 2),
       (33, '2023-07-20 00:00:00.000', 10, 48, 3),
       (34, '2023-07-22 00:00:00.000', 8, 49, 4),
       (35, '2023-07-25 00:00:00.000', 12, 50, 5);

INSERT INTO rutina (id, nombre, objetivo)
VALUES (1, 'Full Body Básico', 'Desarrollo muscular general'),
       (2, 'Push (Empuje)', 'Trabajar pecho, hombros y tríceps'),
       (3, 'Pull (Tirón)', 'Trabajar espalda y bíceps'),
       (4, 'Piernas Fuerza', 'Desarrollo muscular inferior'),
       (5, 'Core Avanzado', 'Fortalecimiento zona media'),
       (6, 'HIIT Standard', 'Quema grasa y mejora capacidad anaeróbica'),
       (7, 'Cardio LISS', 'Mejora resistencia aeróbica'),
       (8, 'Circuito Metabólico', 'Alta quema calórica'),
       (9, 'Funcional Básico', 'Movimientos integrados para vida diaria'),
       (10, 'Movilidad Articular', 'Mejorar rango de movimiento'),
       (11, 'Equilibrio/Propiocepción', 'Trabajo sobre superficies inestables'),
       (12, 'Runner', 'Preparación física para corredores'),
       (13, 'Nadador', 'Fuerza específica para natación'),
       (14, 'Deportes de Raqueta', 'Potencia rotacional'),
       (15, 'Rehabilitación Rodilla', 'Recuperación post-lesional'),
       (16, 'Espalda Sana', 'Corrección postural'),
       (17, 'Prenatal', 'Ejercicios seguros para embarazadas'),
       (18, 'Principiante Adulto', 'Iniciación al entrenamiento'),
       (19, 'Tercera Edad', 'Mantenimiento movilidad'),
       (20, 'Adolescente', 'Desarrollo físico saludable'),
       (21, 'Definición Muscular', 'Bajo peso, alta repetición'),
       (22, 'Fuerza Máxima', 'Alto peso, baja repetición'),
       (23, 'Quema Grasa', 'Combinación cardio-fuerza'),
       (24, 'Relajación/Estiramientos', 'Liberación tensiones'),
       (25, 'Preparación Física', 'Para pruebas específicas');

INSERT INTO ejercicio (id, nombre, descripcion, repeticiones, series, rutina_id)
VALUES (1, 'Sentadillas', 'Flexionar rodillas bajando cadera hasta formar 90°', 12, 3, 1),
       (2, 'Press banca', 'Bajar barra al pecho y extender brazos completamente', 10, 4, 1),
       (3, 'Dominadas', 'Elevar cuerpo hasta que la barbilla supere la barra', 8, 3, 1),
       (4, 'Plancha', 'Mantener posición de flexión con antebrazos apoyados', 45, 3, 1),
       (5, 'Peso muerto', 'Levantar barra del suelo manteniendo espalda recta', 8, 4, 1),
       (6, 'Press militar', 'Elevar barra desde los hombros hasta extensión completa', 10, 3, 2),
       (7, 'Fondos en paralelas', 'Descender flexionando codos hasta 90°', 12, 3, 2),
       (8, 'Aperturas con mancuernas', 'Extender brazos lateralmente y volver al centro', 12, 3, 2),
       (9, 'Elevaciones laterales', 'Elevar mancuernas lateralmente hasta altura hombros', 15, 3, 2),
       (10, 'Remo con barra', 'Tirar de la barra hacia el abdomen manteniendo espalda recta', 10, 4, 3),
       (11, 'Curl de bíceps', 'Flexionar codos elevando mancuernas hacia hombros', 12, 3, 3),
       (12, 'Face pull', 'Tirar de la cuerda hacia la frente separando manos', 15, 3, 3),
       (13, 'Peso muerto rumano', 'Bajar barra manteniendo piernas casi rectas', 10, 3, 4),
       (14, 'Sentadilla búlgara', 'Descender con una pierna apoyada en banco', 10, 3, 4),
       (15, 'Prensa de piernas', 'Empujar plataforma con las piernas sin bloquear rodillas', 12, 4, 4),
       (16, 'Burpees', 'Flexión seguida de salto vertical con brazos extendidos', 15, 4, 6),
       (17, 'Saltos al cajón', 'Saltar sobre plataforma manteniendo aterrizaje suave', 12, 3, 6),
       (18, 'Mountain climbers', 'Llevar rodillas al pecho alternadamente en posición de plancha', 20, 3, 6),
       (19, 'Carrera estacionaria', 'Correr en el lugar elevando rodillas', 30, 3, 7),
       (20, 'Elíptica', 'Movimiento continuo coordinando brazos y piernas', 20, 1, 7),
       (21, 'Escaladora', 'Simular escalada en máquina con resistencia', 15, 3, 7),
       (22, 'Sentadilla con salto', 'Descender en sentadilla y explotar hacia arriba', 12, 3, 8),
       (23, 'Flexiones con rotación', 'Tras flexión, rotar torso y levantar brazo', 10, 3, 8),
       (24, 'Zancadas con elevación', 'Alternar piernas en zancada y elevar rodilla', 12, 3, 8),
       (25, 'Press de hombros con banda', 'Empujar banda elástica hacia arriba', 15, 3, 9),
       (26, 'Sentadilla con golpe', 'Descender en sentadilla y extender pierna lateral', 10, 3, 9),
       (27, 'Giros rusos', 'Rotar torso con peso manteniendo piernas elevadas', 20, 3, 10),
       (28, 'Estiramiento gato-camello', 'Alternar arqueo y curvatura de espalda', 10, 3, 10),
       (29, 'Carrera intervalos', 'Alternar 30s sprint y 1min trote', 8, 1, 12),
       (30, 'Zancadas caminando', 'Avanzar alternando piernas en zancada profunda', 12, 3, 12),
       (31, 'Elevación de talones', 'Pararse en punta de pies y descender lentamente', 15, 3, 15),
       (32, 'Extensión de rodilla', 'Extender pierna contra resistencia sentado', 12, 3, 15),
       (33, 'Puente de glúteos', 'Elevar cadera desde posición supina', 15, 3, 16),
       (34, 'Remo invertido', 'Tirar del cuerpo hacia barra fija en posición horizontal', 10, 3, 16),
       (35, 'Natación seca', 'Movimientos de brazos como en natación', 20, 3, 13),
       (36, 'Patada de delfín', 'Movimiento ondulatorio boca abajo', 15, 3, 13),
       (37, 'Balancín sentado', 'Balanceo suave de piernas en posición sentada', 10, 3, 17),
       (38, 'Inclinación pélvica', 'Movimiento suave de pelvis en posición supina', 12, 3, 17),
       (39, 'Círculos con brazos', 'Rotación amplia de brazos hacia adelante y atrás', 10, 3, 19),
       (40, 'Levantarse de silla', 'Pasar de sentado a de pie sin ayuda de brazos', 8, 3, 19),
       (41, 'Press de banca cerrado', 'Empuñadura estrecha para enfocar tríceps', 10, 4, 21),
       (42, 'Curl martillo', 'Elevar mancuernas con palmas enfrentadas', 12, 3, 21),
       (43, 'Sentadilla frontal', 'Barra apoyada en hombros frontales', 6, 5, 22),
       (44, 'Press de piernas', 'Empuje pesado con piernas en máquina', 5, 5, 22),
       (45, 'Estiramiento mariposa', 'Juntar plantas de pies y acercar talones al cuerpo', 30, 2, 24),
       (46, 'Respiración diafragmática', 'Inspirar profundamente hinchando abdomen', 10, 3, 24),
       (47, 'Flexiones inclinadas', 'Manos apoyadas en superficie elevada', 12, 3, 18),
       (48, 'Sentadilla asistida', 'Con banda elástica o apoyo para reducir carga', 10, 3, 18),
       (49, 'Lanzamiento de balón', 'Lanzar balón medicinal contra pared o al suelo', 12, 3, 20),
       (50, 'Saltos con cuerda', 'Salto continuo coordinado con giro de cuerda', 50, 3, 20),
       (51, 'Press de banca con agarre ancho', 'Mayor enfoque en pectorales', 8, 4, 25),
       (52, 'Dominadas explosivas', 'Elevación rápida con impulso', 6, 4, 25),
       (53, 'Sentadilla con carga', 'Mantener peso adicional en posición de copa', 8, 4, 25);

INSERT INTO plan_entrenamiento_rutina (plan_entrenamiento_id, rutina_id) 
VALUES (1, 1),
(1, 6), (1, 23),
(2, 2), (2, 3), (2, 4),
(3, 1), (3, 7), (3, 10),
(4, 12), (4, 6), (4, 15),
(5, 15), (5, 10),
(6, 18), (6, 10), (6, 24),
(7, 21), (7, 22), (7, 23),
(8, 24), (8, 25), (8, 1),
(9, 9), (9, 10), (9, 24),
(10, 8), (10, 9), (10, 10),
(11, 1), (11, 2), (11, 3),
(12, 12), (12, 13), (12, 14),
(13, 5), (13, 6), (13, 7),
(14, 8), (14, 9), (14, 10),
(15, 15), (15, 16), (15, 17),
(16, 18), (16, 19), (16, 20),
(17, 21), (17, 22), (17, 23),
(18, 1), (18, 6), (18, 9),
(19, 18), (19, 19), (19, 20),
(20, 1), (20, 5), (20, 10),
(21, 12), (21, 13), (21, 14),
(22, 2), (22, 3), (22, 4),
(23, 6), (23, 7), (23, 8),
(24, 9), (24, 10), (24, 11),
(25, 12), (25, 13), (25, 14),
(26, 15), (26, 16), (26, 17),
(27, 18), (27, 19), (27, 20),
(28, 21), (28, 22), (28, 23),
(29, 24), (29, 25), (29, 1),
(30, 2), (30, 3), (30, 4),
(31, 5), (31, 6), (31, 7),
(32, 8), (32, 9), (32, 10),
(33, 11), (33, 12), (33, 13),
(34, 14), (34, 15), (34, 16),
(35, 17), (35, 18), (35, 19);

UPDATE Cliente
SET plan_entrenamiento_id = CASE id
    WHEN 16 THEN 1
    WHEN 17 THEN 2
    WHEN 18 THEN 3
    WHEN 19 THEN 4
    WHEN 20 THEN 5
    WHEN 21 THEN 6
    WHEN 22 THEN 7
    WHEN 23 THEN 8
    WHEN 24 THEN 9
    WHEN 25 THEN 10
    WHEN 26 THEN 11
    WHEN 27 THEN 12
    WHEN 28 THEN 13
    WHEN 29 THEN 14
    WHEN 30 THEN 15
    WHEN 31 THEN 16
    WHEN 32 THEN 17
    WHEN 33 THEN 18
    WHEN 34 THEN 19
    WHEN 35 THEN 20
    WHEN 36 THEN 21
    WHEN 37 THEN 22
    WHEN 38 THEN 23
    WHEN 39 THEN 24
    WHEN 40 THEN 25
    WHEN 41 THEN 26
    WHEN 42 THEN 27
    WHEN 43 THEN 28
    WHEN 44 THEN 29
    WHEN 45 THEN 30
    WHEN 46 THEN 31
    WHEN 47 THEN 32
    WHEN 48 THEN 33
    WHEN 49 THEN 34
    WHEN 50 THEN 35
    ELSE NULL
END
WHERE id BETWEEN 16 AND 50;
